Date,PX_LAST
1/20/2022,78.159
1/19/2022,78.561
1/18/2022,78.593
1/17/2022,77.5
1/14/2022,76.795
1/13/2022,76.788
1/12/2022,77.389
1/11/2022,77.459
1/10/2022,76.766
1/7/2022,77.291
1/6/2022,75.877
1/5/2022,75.874
1/4/2022,76.366
1/3/2022,75.877
12/31/2021,75.5475
12/30/2021,75.865
12/29/2021,76.0379
12/28/2021,76.229
12/27/2021,76.459
12/24/2021,76.46
12/23/2021,75.8403
12/22/2021,76.1706
12/21/2021,76.1651
12/20/2021,75.6656
12/17/2021,75.631
12/16/2021,75.049
12/15/2021,76.327
12/14/2021,76.326
12/13/2021,76.323
12/10/2021,76.331
12/9/2021,79.479
12/8/2021,79.483
12/7/2021,82.256
12/6/2021,81.972
12/3/2021,81.519
12/2/2021,82.248
12/1/2021,82.173
11/30/2021,81.981
11/29/2021,81.601
11/26/2021,82.3182
11/25/2021,81.529
11/24/2021,81.529
11/23/2021,80.979
11/22/2021,79.21
11/19/2021,77.973
11/18/2021,79.131
11/17/2021,79.132
11/16/2021,80.567
11/15/2021,79
11/12/2021,79.476
11/11/2021,79
11/10/2021,78.777
11/9/2021,76.032
11/8/2021,73.983
11/5/2021,73.591
11/4/2021,73.93
11/3/2021,75.835
11/2/2021,76.335
11/1/2021,78.22
10/29/2021,77.662
10/28/2021,75.748
10/27/2021,75.847
10/26/2021,75.28
10/25/2021,75.2916
10/22/2021,75.538
10/21/2021,75.525
10/20/2021,75.034
10/19/2021,75.042
10/18/2021,75.246
10/15/2021,73.8053
10/14/2021,73.241
10/13/2021,73.433
10/12/2021,73.746
10/11/2021,74
10/8/2021,73.749
10/7/2021,73.856
10/6/2021,73.6335
10/5/2021,73.492
10/4/2021,73.0792
10/1/2021,73.256
9/30/2021,73.707
9/29/2021,73.84
9/28/2021,74.359
9/27/2021,73.31
9/24/2021,72.6
9/23/2021,71.535
9/22/2021,70.5061
9/21/2021,70.808
9/20/2021,70.847
9/17/2021,70.823
9/16/2021,70.344
9/15/2021,69.903
9/14/2021,68.996
9/13/2021,69.5308
9/10/2021,69.976
9/9/2021,69.674
9/8/2021,69.987
9/7/2021,69.661
9/6/2021,69.149
9/3/2021,69.3575
9/2/2021,69.909
9/1/2021,70.6349
8/31/2021,70.707
8/30/2021,70.386
8/27/2021,70.127
8/26/2021,72.152
8/25/2021,72.3581
8/24/2021,71.8687
8/23/2021,71.645
8/20/2021,71.9989
8/19/2021,71.895
8/18/2021,71.9171
8/17/2021,72.003
8/16/2021,72.1936
8/13/2021,72.1627
8/12/2021,72.27
8/11/2021,73.35
8/10/2021,74.23
8/9/2021,73.6956
8/6/2021,72.2942
8/5/2021,72.17
8/4/2021,71.8282
8/3/2021,71.3059
8/2/2021,70.754
7/30/2021,70.47
7/29/2021,70.8027
7/28/2021,70.325
7/27/2021,71.58
7/26/2021,71.87
7/23/2021,71.2913
7/22/2021,70.63
7/21/2021,70.99
7/20/2021,71.3158
7/19/2021,71.4121
7/16/2021,69.8
7/15/2021,69.7288
7/14/2021,69.8782
7/13/2021,70.3537
7/12/2021,70.2
7/9/2021,70.3558
7/8/2021,69.99
7/7/2021,69.08
7/6/2021,68.4453
7/5/2021,68.99
7/2/2021,69.2144
7/1/2021,69.89
6/30/2021,69.14
6/29/2021,69.8509
6/28/2021,69.22
6/25/2021,69.98
6/24/2021,70.19
6/23/2021,70.2256
6/22/2021,71.97
6/21/2021,74.165
6/18/2021,72.93
6/17/2021,72.93
6/16/2021,71.9421
6/15/2021,71.5758
6/14/2021,71.53
6/11/2021,71.2853
6/10/2021,70.15
6/9/2021,70.9923
6/8/2021,70.1539
6/7/2021,69.9385
6/4/2021,70.74
6/3/2021,73.4118
6/2/2021,72.78
6/1/2021,73.41
5/31/2021,74
5/28/2021,74.2914
5/27/2021,75.03
5/26/2021,75.52
5/25/2021,76.3482
5/24/2021,76.93
5/21/2021,77.1797
5/20/2021,76.9317
5/19/2021,77.275
5/18/2021,76.7849
5/17/2021,76.7423
5/14/2021,77.24
5/13/2021,77.5668
5/12/2021,78.1247
5/11/2021,76.9062
5/10/2021,76.0923
5/7/2021,75.66
5/6/2021,76.9539
5/5/2021,76.413
5/4/2021,76.4146
5/3/2021,76.5986
4/30/2021,76.5818
4/29/2021,76.5683
4/28/2021,76.5941
4/27/2021,76.7
4/26/2021,76.4941
4/23/2021,76.8794
4/22/2021,77.0654
4/21/2021,77.6564
4/20/2021,79.47
4/19/2021,79.585
4/16/2021,79.56
4/15/2021,79.25
4/14/2021,80.3309
4/13/2021,79.38
4/12/2021,79.6749
4/9/2021,79.3377
4/8/2021,78.925
4/7/2021,79.1076
4/6/2021,78.9091
4/5/2021,79.6047
4/2/2021,80.0694
4/1/2021,80.468
3/31/2021,81.22
3/30/2021,78.88
3/29/2021,77.67
3/26/2021,77.2003
3/25/2021,76.5977
3/24/2021,76.7181
3/23/2021,76.59
3/22/2021,80.5532
3/19/2021,80.3388
3/18/2021,80.99
3/17/2021,77.27
3/16/2021,77.7592
3/15/2021,78.5248
3/12/2021,77.605
3/11/2021,75.6752
3/10/2021,76.4634
3/9/2021,76.5227
3/8/2021,76.865
3/5/2021,76.11
3/4/2021,74.0782
3/3/2021,72.61
3/2/2021,69.07
3/1/2021,72.07
2/26/2021,74.87
2/25/2021,76.9634
2/24/2021,73.7546
2/23/2021,73.1199
2/22/2021,73.55
2/19/2021,71.58
2/18/2021,69.93
2/17/2021,71.41
2/16/2021,71.04
2/15/2021,67.5
2/12/2021,67.44
2/11/2021,66.385
2/10/2021,65.65
2/9/2021,65.55
2/8/2021,65.3273
2/5/2021,64.775
2/4/2021,64.4553
2/3/2021,63.59
2/2/2021,63.0249
2/1/2021,62.724
1/29/2021,62.9482
1/28/2021,61.99
1/27/2021,61.3394
1/26/2021,60.88
1/25/2021,61.42
1/22/2021,61.72
1/21/2021,61.93
1/20/2021,60.988
1/19/2021,61.2587
1/18/2021,61.5
1/15/2021,61.41
1/14/2021,61.98
1/13/2021,61.3005
1/12/2021,62.47
1/11/2021,62.2085
1/8/2021,60.69
1/7/2021,60.0498
1/6/2021,59.6172
1/5/2021,59.37
1/4/2021,59.82
1/1/2021,60.95
12/31/2020,61.0568
12/30/2020,60.37
12/29/2020,59.34
12/28/2020,58.7823
12/25/2020,58.5
12/24/2020,58.5168
12/23/2020,58.78
12/22/2020,58.4719
12/21/2020,58.6334
12/18/2020,58.34
12/17/2020,58.7769
12/16/2020,59.3001
12/15/2020,59.04
12/14/2020,59.3845
12/11/2020,59.0895
12/10/2020,58.63
12/9/2020,58.6365
12/8/2020,58.6309
12/7/2020,59.1123
12/4/2020,58.999
12/3/2020,58.4286
12/2/2020,59.12
12/1/2020,57.46
11/30/2020,56.93
11/27/2020,56.8127
11/26/2020,56.5
11/25/2020,56.565
11/24/2020,56.573
11/23/2020,56.5426
11/20/2020,56.24
11/19/2020,56.6
11/18/2020,55.73
11/17/2020,55.9434
11/16/2020,56.0991
11/13/2020,56.2133
11/12/2020,56.5
11/11/2020,57.5
11/10/2020,57.37
11/9/2020,57.55
11/6/2020,55.66
11/5/2020,56.44
11/4/2020,57.015
11/3/2020,61.76
11/2/2020,61.7878
10/30/2020,62.374
10/29/2020,61.7232
10/28/2020,59.8465
10/27/2020,59.3804
10/26/2020,59.13
10/23/2020,58.8312
10/22/2020,58.93
10/21/2020,58.805
10/20/2020,59.74
10/19/2020,60.0249
10/16/2020,59.5475
10/15/2020,59.4756
10/14/2020,59.26
10/13/2020,60.0914
10/12/2020,61
10/9/2020,61.1206
10/8/2020,61.15
10/7/2020,61.62
10/6/2020,61.87
10/5/2020,61.81
10/2/2020,60.89
10/1/2020,61.6884
9/30/2020,61.93
9/29/2020,60.965
9/28/2020,61.1265
9/25/2020,60.31
9/24/2020,59.834
9/23/2020,59.68
9/22/2020,60.25
9/21/2020,60.2
9/18/2020,59.785
9/17/2020,61.375
9/16/2020,62.9
9/15/2020,63.44
9/14/2020,63.8
9/11/2020,62.98
9/10/2020,64.4255
9/9/2020,64.255
9/8/2020,64.21
9/7/2020,63.8
9/4/2020,63.6089
9/3/2020,63.3246
9/2/2020,62.5268
9/1/2020,62.3422
8/31/2020,62.7576
8/28/2020,63.4049
8/27/2020,63.083
8/26/2020,62.1686
8/25/2020,61.47
8/24/2020,60.745
8/21/2020,60.18
8/20/2020,59.9
8/19/2020,60.4834
8/18/2020,60.26
8/17/2020,60.4949
8/14/2020,60.3761
8/13/2020,61.4582
8/12/2020,61.2
8/11/2020,60.8383
8/10/2020,60.42
8/7/2020,60.41
8/6/2020,61.08
8/5/2020,61.0665
8/4/2020,60.9719
8/3/2020,60.68
7/31/2020,60.8191
7/30/2020,60.5544
7/29/2020,61.88
7/28/2020,61.7954
7/27/2020,62.688
7/24/2020,62.5
7/23/2020,63.29
7/22/2020,64.3703
7/21/2020,64.4218
7/20/2020,64.4124
7/17/2020,64.38
7/16/2020,64.1985
7/15/2020,64.2435
7/14/2020,65.17
7/13/2020,64.3944
7/10/2020,64.6323
7/9/2020,64.84
7/8/2020,64.9067
7/7/2020,64.8784
7/6/2020,64.99
7/3/2020,65.5
7/2/2020,65.3453
7/1/2020,66.02
6/30/2020,65.9042
6/29/2020,66.28
6/26/2020,66.6178
6/25/2020,66.144
6/24/2020,65.53
6/23/2020,65.522
6/22/2020,65.1094
6/19/2020,64.89
6/18/2020,66.18
6/17/2020,66.91
6/16/2020,67.8794
6/15/2020,67.2027
6/12/2020,66.7812
6/11/2020,65.76
6/10/2020,64.225
6/9/2020,65.77
6/8/2020,65.77
6/5/2020,66.7267
6/4/2020,66.99
6/3/2020,66.13
6/2/2020,64.3597
6/1/2020,63.4288
5/29/2020,63.29
5/28/2020,63.07
5/27/2020,62.5335
5/26/2020,61.2443
5/22/2020,62.0388
5/21/2020,63.74
5/20/2020,64.41
5/19/2020,64.9
5/18/2020,64.995
5/15/2020,64.47
5/14/2020,64.89
5/13/2020,64.79
5/12/2020,65.5492
5/11/2020,64.74
5/8/2020,64.495
5/7/2020,63.92
5/6/2020,63.2661
5/5/2020,61.47
5/4/2020,61.2758
5/1/2020,61.8868
4/30/2020,62.7015
4/29/2020,63.03
4/28/2020,65.04
4/27/2020,66.2
4/24/2020,67.76
4/23/2020,69.5706
4/22/2020,69.858
4/21/2020,70.76
4/20/2020,70.0322
4/17/2020,70.9735
4/16/2020,70.83
4/15/2020,70.6342
4/14/2020,69.9736
4/13/2020,71.24
4/10/2020,71.5
4/9/2020,71.09
4/8/2020,70.35
4/7/2020,68.26
4/6/2020,67.46
4/3/2020,69.87
4/2/2020,71.69
4/1/2020,72.63
3/31/2020,74.308
3/30/2020,76.15
3/27/2020,76.99
3/26/2020,76.94
3/25/2020,80.27
3/24/2020,87.11
3/23/2020,91.6
3/20/2020,93.36
3/19/2020,94.64
3/18/2020,91.16
3/17/2020,83.16
3/16/2020,85.4
3/13/2020,91.61
3/12/2020,92.65
3/11/2020,85.98
3/10/2020,81.22
3/9/2020,82.1
3/6/2020,75.67
3/5/2020,71.49
3/4/2020,68.15
3/3/2020,68.94
3/2/2020,68.98
2/28/2020,70.74
2/27/2020,68.77
2/26/2020,68.39
2/25/2020,69.01
2/24/2020,69.75
2/21/2020,67.75
2/20/2020,66.27
2/19/2020,65.66
2/18/2020,66.0314
2/17/2020,64.75
2/14/2020,65.18
2/13/2020,65.2291
2/12/2020,65.02
2/11/2020,65.6169
2/10/2020,66.3907
2/7/2020,65.34
2/6/2020,64.01
2/5/2020,64.7069
2/4/2020,65.8337
2/3/2020,66.71
1/31/2020,67.43
1/30/2020,67.1463
1/29/2020,65.81
1/28/2020,65.2817
1/27/2020,66.5756
1/24/2020,65.5672
1/23/2020,63.48
1/22/2020,63.11
1/21/2020,63.2696
1/20/2020,63
1/17/2020,62.62
1/16/2020,62.34
1/15/2020,62.79
1/14/2020,62.33
1/13/2020,63.08
1/10/2020,63.05
1/9/2020,64.67
1/8/2020,66.0786
1/7/2020,65.8247
1/6/2020,65.575
1/3/2020,65.2484
1/2/2020,64.2537
1/1/2020,64
12/31/2019,64.3274
12/30/2019,64.06
12/27/2019,64.2144
12/26/2019,64.8316
12/25/2019,64.5
12/24/2019,64.8799
12/23/2019,64.8982
12/20/2019,64.1878
12/19/2019,64.2031
12/18/2019,64.08
12/17/2019,64.6326
12/16/2019,64.67
12/13/2019,65.2355
12/12/2019,65.88
12/11/2019,66.07
12/10/2019,67.5265
12/9/2019,68.5191
12/6/2019,68.18
12/5/2019,67.535
12/4/2019,67.58
12/3/2019,68.4
12/2/2019,66.66
11/29/2019,66.9629
11/28/2019,67
11/27/2019,67.1251
11/26/2019,67.55
11/25/2019,67.7236
11/22/2019,67.11
11/21/2019,66.99
11/20/2019,67.3643
11/19/2019,66.2073
11/18/2019,65.9962
11/15/2019,66.2613
11/14/2019,66.341
11/13/2019,66.6406
11/12/2019,66.7103
11/11/2019,66.455
11/8/2019,66.455
11/7/2019,67.64
11/6/2019,66.3472
11/5/2019,66.17
11/4/2019,65.4
11/1/2019,64.8269
10/31/2019,66.47
10/30/2019,65.49
10/29/2019,66.5941
10/28/2019,66.6159
10/25/2019,66.7027
10/24/2019,67.2859
10/23/2019,67.9611
10/22/2019,68.235
10/21/2019,68.36
10/18/2019,69.46
10/17/2019,69.545
10/16/2019,69.95
10/15/2019,70.0725
10/14/2019,70.5
10/11/2019,70.265
10/10/2019,69.865
10/9/2019,70.04
10/8/2019,70.4483
10/7/2019,70.175
10/4/2019,70.4472
10/3/2019,70.6778
10/2/2019,70.965
10/1/2019,70.29
9/30/2019,69.36
9/27/2019,69.585
9/26/2019,69.5223
9/25/2019,69.02
9/24/2019,69.94
9/23/2019,69.0259
9/20/2019,67.695
9/19/2019,67.1401
9/18/2019,67.49
9/17/2019,69.09
9/16/2019,69.3986
9/13/2019,68.04
9/12/2019,67.21
9/11/2019,69.0644
9/10/2019,69.53
9/9/2019,68.831
9/6/2019,68.68
9/5/2019,68.905
9/4/2019,70.7
9/3/2019,71.8615
9/2/2019,71.75
8/30/2019,71.92
8/29/2019,71.3195
8/28/2019,71.91
8/27/2019,70.385
8/26/2019,69.5
8/23/2019,69.4397
8/22/2019,66.38
8/21/2019,67.9
8/20/2019,68.35
8/19/2019,68.005
8/16/2019,70.56
8/15/2019,71.95
8/14/2019,69.11
8/13/2019,66.82
8/12/2019,67.91
8/9/2019,66.02
8/8/2019,66.37
8/7/2019,66.79
8/6/2019,65.09
8/5/2019,67.57
8/2/2019,63.03
8/1/2019,63.89
7/31/2019,59.36
7/30/2019,60.75
7/29/2019,60.43
7/26/2019,61.5
7/25/2019,62.2
7/24/2019,63.1
7/23/2019,63.14
7/22/2019,62.8567
7/19/2019,63.11
7/18/2019,63.3119
7/17/2019,62.03
7/16/2019,61.56
7/15/2019,61.9513
7/12/2019,61.25
7/11/2019,60.79
7/10/2019,60.47
7/9/2019,60.99
7/8/2019,61.1754
7/5/2019,61.1176
7/4/2019,62
7/3/2019,62.1273
7/2/2019,62.015
7/1/2019,61.47
6/28/2019,63.62
6/27/2019,63.26
6/26/2019,64.185
6/25/2019,65.08
6/24/2019,64.0884
6/21/2019,63.39
6/20/2019,62.99
6/19/2019,63.96
6/18/2019,65.6505
6/17/2019,66.13
6/14/2019,66.46
6/13/2019,64.3
6/12/2019,62.355
6/11/2019,61.6578
6/10/2019,61.8584
6/7/2019,62.885
6/6/2019,65.025
6/5/2019,66.4223
6/4/2019,65.73
6/3/2019,67.23
5/31/2019,66.47
5/30/2019,62.64
5/29/2019,63.75
5/28/2019,63.45
5/27/2019,61.5
5/24/2019,60.98
5/23/2019,62.395
5/22/2019,60.165
5/21/2019,60.12
5/20/2019,60.37
5/17/2019,60.375
5/16/2019,59.7642
5/15/2019,59.55
5/14/2019,58.6234
5/13/2019,59.525
5/10/2019,57.5123
5/9/2019,57.07
5/8/2019,57.095
5/7/2019,58.525
5/6/2019,55.995
5/3/2019,54.58
5/2/2019,55.05
5/1/2019,55.3145
4/30/2019,56.325
4/29/2019,56.14
4/26/2019,56.99
4/25/2019,57.692
4/24/2019,58.0923
4/23/2019,57.5788
4/22/2019,56.665
4/19/2019,55
4/18/2019,55.38
4/17/2019,55.48
4/16/2019,55.4132
4/15/2019,55.595
4/12/2019,56.195
4/11/2019,54.98
4/10/2019,55.21
4/9/2019,55.315
4/8/2019,54.3502
4/5/2019,54.61
4/4/2019,55.685
4/3/2019,56.745
4/2/2019,57.5
4/1/2019,57.575
3/29/2019,58.69
3/28/2019,59.8232
3/27/2019,60.595
3/26/2019,58.515
3/25/2019,60.045
3/22/2019,57.8378
3/21/2019,54.0339
3/20/2019,54.2154
3/19/2019,54.8429
3/18/2019,56.0053
3/15/2019,56.3531
3/14/2019,57.1593
3/13/2019,57.5911
3/12/2019,57.6298
3/11/2019,58.1942
3/8/2019,59.1483
3/7/2019,59.1
3/6/2019,59.228
3/5/2019,59.5374
3/4/2019,60.09
3/1/2019,60.18
2/28/2019,59.4135
2/27/2019,59.4004
2/26/2019,59.1303
2/25/2019,59.1224
2/22/2019,59.22
2/21/2019,59.11
2/20/2019,59.1
2/19/2019,59.3
2/18/2019,59
2/15/2019,59.2861
2/14/2019,60.4
2/13/2019,60.2
2/12/2019,60.8
2/11/2019,60.26
2/8/2019,60.2
2/7/2019,60.31
2/6/2019,59.8511
2/5/2019,60.307
2/4/2019,60.7825
2/1/2019,60.6785
1/31/2019,60.8
1/30/2019,62.25
1/29/2019,63.0201
1/28/2019,63.3
1/25/2019,63.9647
1/24/2019,64.29
1/23/2019,64.3225
1/22/2019,64.2755
1/21/2019,63.9
1/18/2019,63.86
1/17/2019,64.3966
1/16/2019,63.43
1/15/2019,63.88
1/14/2019,65.0001
1/11/2019,64.72
1/10/2019,65.4
1/9/2019,65.3
1/8/2019,66.6257
1/7/2019,67.36
1/4/2019,69.3
1/3/2019,69.1106
1/2/2019,68.11
1/1/2019,70
12/31/2018,69.8557
12/28/2018,69.36
12/27/2018,70.7
12/26/2018,68.15
12/25/2018,68.5
12/24/2018,68.6476
12/21/2018,67.5
12/20/2018,66.4
12/19/2018,66.1
12/18/2018,66.46
12/17/2018,65.8
12/14/2018,65.7
12/13/2018,65.89
12/12/2018,66.39
12/11/2018,67.2
12/10/2018,67.6
12/7/2018,66.24
12/6/2018,67.2
12/5/2018,65.5
12/4/2018,66.33
12/3/2018,64.76
11/30/2018,65.7
11/29/2018,65.4789
11/28/2018,66.01
11/27/2018,66.9942
11/26/2018,67.1
11/23/2018,68.203
11/22/2018,68
11/21/2018,68.2656
11/20/2018,68.77
11/19/2018,68.58
11/16/2018,68.3
11/15/2018,67.5
11/14/2018,66.88
11/13/2018,66.8
11/12/2018,66
11/9/2018,66.6835
11/8/2018,66.2872
11/7/2018,66.4883
11/6/2018,68.355
11/5/2018,68.685
11/2/2018,69.3
11/1/2018,68.44
10/31/2018,68.9533
10/30/2018,69.6
10/29/2018,69.2
10/26/2018,68.44
10/25/2018,67.7285
10/24/2018,67.7605
10/23/2018,66.86
10/22/2018,65.99
10/19/2018,66.306
10/18/2018,66.5
10/17/2018,66.0987
10/16/2018,66.6056
10/15/2018,67.4442
10/12/2018,67.93
10/11/2018,67.8
10/10/2018,67.83
10/9/2018,66.83
10/8/2018,66.65
10/5/2018,67.102
10/4/2018,67.3
10/3/2018,66
10/2/2018,64.1
10/1/2018,63.9793
9/28/2018,63.83
9/27/2018,64.46
9/26/2018,64.9
9/25/2018,65.27
9/24/2018,65.47
9/21/2018,65.1178
9/20/2018,65.1288
9/19/2018,64.84
9/18/2018,64.42
9/17/2018,64.24
9/14/2018,64.7
9/13/2018,64.0677
9/12/2018,64.26
9/11/2018,65.06
9/10/2018,65.2049
9/7/2018,65.7
9/6/2018,65.3
9/5/2018,65.526
9/4/2018,65.7736
9/3/2018,65
8/31/2018,65.5
8/30/2018,65.4783
8/29/2018,65.28
8/28/2018,65.7
8/27/2018,65.4611
8/24/2018,65.4
8/23/2018,65.615
8/22/2018,66.1164
8/21/2018,66.3
8/20/2018,66.7
8/17/2018,66.3861
8/16/2018,66.5691
8/15/2018,66.8197
8/14/2018,66.4272
8/13/2018,67
8/10/2018,66.39
8/9/2018,65.26
8/8/2018,65.59
8/7/2018,65.7581
8/6/2018,65.7695
8/3/2018,65.9824
8/2/2018,65.905
8/1/2018,66.3
7/31/2018,65.4504
7/30/2018,66.1
7/27/2018,65.55
7/26/2018,65.95
7/25/2018,65.7
7/24/2018,66.03
7/23/2018,65.92
7/20/2018,64.16
7/19/2018,63.82
7/18/2018,63.8921
7/17/2018,64.5
7/16/2018,65.15
7/13/2018,65.19
7/12/2018,65.495
7/11/2018,67
7/10/2018,66.8727
7/9/2018,66.932
7/6/2018,66.885
7/5/2018,67.2731
7/4/2018,66.5
7/3/2018,66.8849
7/2/2018,66.8967
6/29/2018,67.2
6/28/2018,67.153
6/27/2018,66.9541
6/26/2018,65.98
6/25/2018,66.85
6/22/2018,66.1679
6/21/2018,66.8365
6/20/2018,66.29
6/19/2018,66.2
6/18/2018,65.9913
6/15/2018,66.1
6/14/2018,66.2355
6/13/2018,67
6/12/2018,67.63
6/11/2018,69.4
6/8/2018,68.7
6/7/2018,68.46
6/6/2018,67.82
6/5/2018,66.95
6/4/2018,67.24
6/1/2018,67.97
5/31/2018,69.45
5/30/2018,68.829
5/29/2018,68.27
5/28/2018,65.75
5/25/2018,66.0076
5/24/2018,65.52
5/23/2018,66.3
5/22/2018,66.7085
5/21/2018,66.7309
5/18/2018,66.43
5/17/2018,66.9
5/16/2018,66.63
5/15/2018,65.83
5/14/2018,63.8815
5/11/2018,64.13
5/10/2018,64.28
5/9/2018,65.2
5/8/2018,64.7777
5/7/2018,64.0862
5/4/2018,63.58
5/3/2018,64.3889
5/2/2018,64.3
5/1/2018,65.33
4/30/2018,65.01
4/27/2018,65.3609
4/26/2018,66.48
4/25/2018,68.4
4/24/2018,67.37
4/23/2018,66.6518
4/20/2018,66.02
4/19/2018,65.19
4/18/2018,64.3
4/17/2018,63.31
4/16/2018,64.74
4/13/2018,65.4125
4/12/2018,66
4/11/2018,65.3574
4/10/2018,65.86
4/9/2018,66.39
4/6/2018,66.99
4/5/2018,67.2
4/4/2018,67.64
4/3/2018,68.35
4/2/2018,69.3224
3/30/2018,69
3/29/2018,69.1504
3/28/2018,69.1
3/27/2018,68
3/26/2018,67.7138
3/23/2018,67.9
3/22/2018,67.62
3/21/2018,67.62
3/20/2018,69.11
3/19/2018,69.6
3/16/2018,69.2775
3/15/2018,68.9342
3/14/2018,67.84
3/13/2018,67.36
3/12/2018,69.4
3/9/2018,70.1325
3/8/2018,70.9695
3/7/2018,72.1249
3/6/2018,71.63
3/5/2018,71.6647
3/2/2018,71.1285
3/1/2018,70.3
2/28/2018,69.61
2/27/2018,70.0012
2/26/2018,69.12
2/23/2018,69.2
2/22/2018,68.1279
2/21/2018,68.7
2/20/2018,69.2708
2/19/2018,71
2/16/2018,71.3028
2/15/2018,73.37
2/14/2018,75.1
2/13/2018,74.61
2/12/2018,75.09
2/9/2018,75.36
2/8/2018,75.4
2/7/2018,73.09
2/6/2018,74.08
2/5/2018,72.25
2/2/2018,72
2/1/2018,71.01
1/31/2018,69
1/30/2018,69.5
1/29/2018,69.53
1/26/2018,66.43
1/25/2018,64.14
1/24/2018,64.28
1/23/2018,63.2773
1/22/2018,63.01
1/19/2018,62.2083
1/18/2018,60.35
1/17/2018,59.6
1/16/2018,59.74
1/15/2018,60
1/12/2018,60.1923
1/11/2018,60.5073
1/10/2018,60.75
1/9/2018,60.76
1/8/2018,59.59
1/5/2018,59.7
1/4/2018,60.2739
1/3/2018,60.24
1/2/2018,60.3727
1/1/2018,60
12/29/2017,59.9942
12/28/2017,60.07
12/27/2017,59.997
12/26/2017,60.5335
12/25/2017,60.5
12/22/2017,60.7069
12/21/2017,60.839
12/20/2017,59.996
12/19/2017,59.7
12/18/2017,58.8243
12/15/2017,58.7523
12/14/2017,58.6778
12/13/2017,59.6
12/12/2017,60.3
12/11/2017,60.8924
12/8/2017,60.9177
12/7/2017,61.5332
12/6/2017,61.8
12/5/2017,62.36
12/4/2017,62.9602
12/1/2017,63.4747
11/30/2017,63.0491
11/29/2017,62.8
11/28/2017,61.9572
11/27/2017,62.3661
11/24/2017,63.0907
11/23/2017,63.3589
11/22/2017,63.3589
11/21/2017,63.9664
11/20/2017,64.8
11/17/2017,65.4162
11/16/2017,65.2016
11/15/2017,65.6
11/14/2017,65.8
11/13/2017,66.3
11/10/2017,66.6
11/9/2017,65.7377
11/8/2017,65.1
11/7/2017,65.7756
11/6/2017,65.89
11/3/2017,66.2647
11/2/2017,67.52
11/1/2017,69.4
10/31/2017,70.1662
10/30/2017,70.28
10/27/2017,70.8
10/26/2017,71.7
10/25/2017,70.5
10/24/2017,69
10/23/2017,68.2
10/20/2017,68.019
10/19/2017,66.67
10/18/2017,66.6
10/17/2017,66.3913
10/16/2017,66.5
10/13/2017,67.3
10/12/2017,67.7
10/11/2017,67.99
10/10/2017,68
10/6/2017,68.06
10/4/2017,67.6
10/3/2017,67.43
10/2/2017,66.96
9/29/2017,67.2
9/27/2017,66.9
9/26/2017,66.67
9/25/2017,66.2
9/22/2017,66.4
9/20/2017,67
9/18/2017,67.9
9/15/2017,68.2
9/14/2017,68.6
9/13/2017,69
9/12/2017,69
9/11/2017,70.24
9/7/2017,70.59
9/6/2017,70.36
9/5/2017,70.3
9/4/2017,69.6
9/1/2017,69.5
8/31/2017,70.2
8/30/2017,70.1
8/29/2017,69.8
8/28/2017,69.6988
8/25/2017,69.55
8/24/2017,70.3
8/23/2017,70.2
8/22/2017,69.37
8/21/2017,69.24
8/18/2017,69.2703
8/17/2017,69.38
8/16/2017,69.6
8/15/2017,69.7
8/14/2017,70.2
8/11/2017,70.79
8/10/2017,70.8641
8/9/2017,69.8
8/8/2017,68.84
8/7/2017,68.6
8/4/2017,68.7
8/3/2017,68.6
8/2/2017,69
8/1/2017,69.16
7/31/2017,69.2
7/28/2017,69.6784
7/27/2017,69.3
7/26/2017,69.2
7/25/2017,69.9657
7/24/2017,68.8
7/21/2017,68.6
7/20/2017,68.5
7/19/2017,68.99
7/18/2017,69.2
7/17/2017,69.188
7/14/2017,69.96
7/13/2017,70.9
7/12/2017,71.67
7/11/2017,72.36
7/10/2017,72.7
7/7/2017,72.5376
7/6/2017,72.66
7/5/2017,72.37
7/4/2017,72.2
7/3/2017,72.1
6/30/2017,72.2
6/29/2017,72.2495
6/28/2017,72.1
6/27/2017,71.6387
6/26/2017,71.4
6/23/2017,71
6/22/2017,70.82
6/21/2017,70.6496
6/20/2017,70.2832
6/19/2017,69.9
6/16/2017,69.7
6/15/2017,69.8444
6/14/2017,69.96
6/13/2017,69.9
6/12/2017,70.4
6/9/2017,70.5
6/8/2017,70.76
6/7/2017,71.1
6/6/2017,70.9
6/5/2017,71.1
6/2/2017,71.1
6/1/2017,71.5
5/31/2017,71.8839
5/30/2017,71.62
5/29/2017,71.5
5/26/2017,71.533
5/25/2017,71.98
5/24/2017,72.7
5/23/2017,73.3
5/22/2017,73.52
5/19/2017,74.1
5/18/2017,74.5
5/17/2017,75.5
5/16/2017,72.96
5/15/2017,73
5/12/2017,73.1
5/11/2017,73.1
5/10/2017,73.09
5/9/2017,73.2
5/8/2017,73.46
5/5/2017,74.5
5/4/2017,75
5/3/2017,75
5/2/2017,75.2
5/1/2017,75.7
4/28/2017,75.4
4/27/2017,75.6
4/26/2017,76.379
4/25/2017,76.8999
4/24/2017,76.5
4/21/2017,78.6
4/20/2017,78.3
4/19/2017,78.0571
4/18/2017,77.5
4/17/2017,77.1
4/14/2017,77.5
4/13/2017,77.7
4/12/2017,77.5
4/11/2017,76.3
4/10/2017,76.0848
4/7/2017,75.6
4/6/2017,75.9
4/5/2017,76
4/4/2017,76.46
4/3/2017,76.13
3/31/2017,76.1641
3/30/2017,76.09
3/29/2017,76.6
3/28/2017,77.1
3/27/2017,77.9
3/24/2017,78.1
3/23/2017,78
3/22/2017,77.9955
3/21/2017,77.1
3/20/2017,76.3
3/17/2017,76.83
3/16/2017,77.4
3/15/2017,79.06
3/14/2017,80.24
3/13/2017,80.9
3/10/2017,80.93
3/9/2017,81.6
3/8/2017,81.4
3/7/2017,81.2818
3/6/2017,81.5
3/3/2017,82.3
3/2/2017,83.1
3/1/2017,83
2/28/2017,83.2
2/27/2017,83.6
2/24/2017,83.5
2/23/2017,83.42
2/22/2017,83.8
2/21/2017,83.9906
2/20/2017,84.25
2/17/2017,83.89
2/16/2017,84.4
2/15/2017,84.45
2/14/2017,84.5
2/13/2017,84.689
2/10/2017,85.04
2/9/2017,84.93
2/8/2017,84.7
2/7/2017,84.6
2/6/2017,84.2
2/3/2017,84.2
2/2/2017,84.5689
2/1/2017,84.4245
1/31/2017,84.7
1/30/2017,84.5
1/27/2017,84.557
1/26/2017,84.6
1/25/2017,85.2
1/24/2017,84.5
1/23/2017,84.5
1/20/2017,85.3
